{"cameraMode":{"drawMode":0,"name":"Shaded","section":"Shading Mode"},"sceneLighting":false,"audioPlay":false,"sceneViewState":{"showFog":true,"showMaterialUpdate":false,"showSkybox":false,"showFlares":true,"showImageEffects":true,"showParticleSystems":true},"in2DMode":false,"pivot":{"x":6.500003814697266,"y":0.34200000762939455,"z":25.750001907348634},"rotation":{"x":-0.09420007467269898,"y":0.8269046545028687,"z":-0.14561517536640168,"w":-0.534932017326355},"size":23.108980178833009,"orthographic":false}